ref,title,authors,journal,year,pmid,doi,pmc,studied_in,tags,topic,used_for
1,"Lactating performance, water and feed consumption of rabbit does reared under a Mediterranean summer circadian cycle of temperature v. comfort temperature conditions","Bakr MH, Tusell L, Rafel O, et al.",Animal,2015,25592373,10.1017/S1751731114003310,,Breeding does (farm),Rabbits,Heat stress: feed and water intake,Rabbit digestion and weather
2,Dietary Betaine improves the intestinal health and growth performance of heat-stressed growing rabbits in summer,"Chen X, Li Z, Pu J, et al.",Journal of Animal Science,2023,37875147,10.1093/jas/skad363,PMC10684048,Growing rabbits (farm),Rabbits,Heat stress: betaine,Rabbit digestion and weather
3,Betaine addition to the diet alleviates intestinal injury in growing rabbits during the summer heat through the AAT/mTOR pathway,"Li Z, Pu J, Chen X, et al.",Journal of Animal Science and Biotechnology,2024,38454493,10.1186/s40104-024-00998-6,PMC10921597,Growing rabbits (farm),Rabbits,Heat stress: betaine,Rabbit digestion and weather
4,"Effects of Dietary Supplementations of Vitamin C, Organic Selenium, Betaine, and Pomegranate Peel on Alleviating the Effect of Heat Stress on Growing Rabbits","Abu Hafsa SH, Centoducati G, Hassan AA, et al.",Animals,2024,38540048,10.3390/ani14060950,PMC10967313,Growing rabbits (farm),Rabbits,Heat stress: betaine and vitamin C,Rabbit digestion and weather
5,Effects of betaine on growth performance and intestinal health of rabbits fed different digestible energy diets,"Li Z, Pu J, Zeng T, et al.",Journal of Animal Science,2024,38290533,10.1093/jas/skae029,PMC10889737,Growing rabbits (farm),Rabbits,Betaine: gut health,Rabbit digestion and weather
6,"Impact of Salix mucronata bark and betaine as natural alleviators on semen quality, serum biochemistry, and oxidative capacity in heat-stressed rabbit bucks","Farag MFM, Daader AH, El-Darawany AA, et al.",Tropical Animal Health and Production,2025,41441908,10.1007/s11250-025-04781-1,PMC12738609,Adult bucks (farm),Rabbits,Heat stress: betaine,Rabbit digestion and weather
7,Enhancing growing rabbit heat stress resilience through dietary supplementation with natural antioxidants,"El-Ratel IT, Mekawy A, Hassab SHM, et al.",BMC Veterinary Research,2025,39827123,10.1186/s12917-024-04466-1,PMC11748597,Growing rabbits (farm),Rabbits,Heat stress: vitamin C,Rabbit digestion and weather
8,"Essential Oil Blend and Ascorbic Acid Supplementation Improves Performance, Semen Characteristics, Redox Balance, and Intestinal Integrity in Heat-Stressed Male Rabbits","Alqhtani HA, Alqahtani HA, Elbaz AM, et al.",Veterinary Sciences,2026,42188923,10.3390/vetsci13050453,PMC13211758,Adult bucks (farm),Rabbits,Heat stress: vitamin C,Rabbit digestion and weather
9,An integrated in vitro antioxidant/in vivo metabolomics approach unravels the synergistic effects between oregano essential oil and vitamin C as a nutritional strategy for alleviating heat stress in rabbits,"Sayedahmed MM, Safwat AM, Madkour M, et al.",Journal of Animal Science,2026,41837378,10.1093/jas/skag083,PMC13061118,Adult male rabbits (farm),Rabbits,Heat stress: vitamin C in water,Rabbit digestion and weather
10,"Impacts of Heat Stress on Rabbit Immune Function, Endocrine, Blood Biochemical Changes, Antioxidant Capacity and Production Performance, and the Potential Mitigation Strategies of Nutritional Intervention","Liang ZL, Chen F, Park S, et al.",Frontiers in Veterinary Science,2022,35720853,10.3389/fvets.2022.906084,PMC9201964,Review (rabbits),Rabbits,Heat stress: electrolytes,Rabbit digestion and weather
11,Drinking Warm Water Improves Growth Performance and Optimizes the Gut Microbiota in Early Postweaning Rabbits during Winter,"Wang Q, Fu W, Guo Y, et al.",Animals,2019,31212853,10.3390/ani9060346,PMC6616395,Weaned rabbits (farm),Rabbits,Cold weather: drinking water temperature,Rabbit digestion and weather
12,"Hydro-alcoholic extract of Matricaria recutita exhibited dual anti-spasmodic effect via modulation of Ca(2+) channels, NO and PKA(2)-kinase pathway in rabbit jejunum","Yazdi H, Seifi A, Changizi S, et al.",Avicenna Journal of Phytomedicine,2017,28884083,,PMC5580871,Rabbit gut tissue,Rabbits,Herbs: chamomile and gut motility,Rabbit digestion and weather
13,Antispasmodic and Antidiarrheal Activities of Valeriana hardwickii Wall. Rhizome Are Putatively Mediated through Calcium Channel Blockade,"Bashir S, Memon R, Gilani AH",Evidence-Based Complementary and Alternative Medicine,2011,21423691,10.1155/2011/304960,PMC3057483,Rabbit gut tissue; mice,Rabbits; Other,Herbs: valerian and gut motility,Rabbit digestion and weather
14,Protective effect of valerian extract capsule (VEC) on ethanol- and indomethacin-induced gastric mucosa injury and ameliorative effect of VEC on gastrointestinal motility disorder,"Feng Y, Dai W, Ke J, et al.",Pharmaceutical Biology,2022,35658820,10.1080/13880209.2022.2071449,PMC9176630,Rabbit gut tissue; rats; mice,Rabbits; Other,Herbs: valerian and gut motility,Rabbit digestion and weather
15,Digestive problems in rabbit production: moving in the wrong direction?,"van der Sluis M, van Zeeland YRA, de Greef KH",Frontiers in Veterinary Science,2024,38384954,10.3389/fvets.2024.1354651,PMC10879550,Review (farmed rabbits),Rabbits,Digestive disorders: mechanisms,Rabbit digestion and weather
16,Health and welfare of rabbits farmed in different production systems,"EFSA Panel on Animal Health and Welfare (AHAW), Saxmose Nielsen S, Alvarez J, et al.",EFSA Journal,2020,32626497,10.2903/j.efsa.2020.5944,PMC7008839,Review (farmed rabbits),Rabbits,Welfare: temperature and water,Rabbit digestion and weather
17,The effects of elevated temperature and humidity on rectal temperature and respiration rate in the New Zealand white rabbit,"Kasa W, Thwaites CJ",International Journal of Biometeorology,1990,2083981,10.1007/BF01048713,,Adult rabbits (laboratory),Rabbits,Heat stress: physiology,Rabbit digestion and weather
18,"Comparison of the fecal microbiota of domestic commercial meat, laboratory, companion, and shelter rabbits (Oryctolagus cuniculi)","Kylie J, Weese JS, Turner PV",BMC Veterinary Research,2018,29703196,10.1186/s12917-018-1464-6,PMC5924505,"Farm, laboratory, companion and shelter rabbits",Rabbits,Gut microbiota: housing and season,Rabbit digestion and weather
19,"Influence of Moringa oleifera extract, vitamin C, and sodium bicarbonate on heat stress-induced HSP70 expression and cellular immune response in rabbits","Abdel-Latif M, Sakran T, Badawi YK, et al.",Cell Stress & Chaperones,2018,29728855,10.1007/s12192-018-0906-1,PMC6111078,Heat-stressed rabbits (experimental),Rabbits,Heat stress: vitamin C and bicarbonate,Rabbit digestion and weather
20,"Comparing different water supplementation in cyclic heat stressed broilers. The effect of selected antioxidant mixtures, betaine, functional amino acids and electrolyzed reduced water","De Baets R, Van Nerom S, Buyse K, et al.",Poultry Science,2026,41447761,10.1016/j.psj.2025.106322,PMC12800357,Broilers,Rabbits; Other,Heat stress: drinking-water additives,Rabbit digestion and weather
21,Screening of Organic Acid Type and Dosage in Drinking Water for Young Rabbits,"Ramón-Moragues A, Vaggi CM, Franch-Dasí J, et al.",Animals,2024,39123703,10.3390/ani14152177,PMC11311063,Weaned rabbits (farm),Rabbits,Drinking-water additives and intake,Rabbit digestion and weather
22,"Use of Cool Drinking Water as a Strategy Under High-Ambient-Temperature Conditions in New Zealand Rabbits: Growth Performance, Carcass Traits and Physiological Responses","Molina-Gámez G, Robles-Estrada JC, Sánchez-Pérez JN, et al.",Veterinary Sciences,2026,41893679,10.3390/vetsci13030262,PMC13030121,Growing rabbits (farm),Rabbits,Heat stress: cool drinking water,Rabbit digestion and weather
23,"Organic Selenium, Probiotics, and Prebiotics Effects on Growth, Blood Biochemistry, and Carcass Traits of Growing Rabbits During Summer and Winter Seasons","Ayyat MS, Al-Sagheer AA, Abd El-Latif KM, et al.",Biological Trace Element Research,2018,29516355,10.1007/s12011-018-1293-2,,Growing rabbits (farm),Rabbits,Season: feed intake and additives,Rabbit digestion and weather
24,"Seasonal Variations in Production Performance, Health Status, and Gut Microbiota of Meat Rabbit Reared in Semi-Confined Conditions","Ye D, Ding X, Pang S, et al.",Animals,2023,38200844,10.3390/ani14010113,PMC10778228,Growing rabbits (farm),Rabbits,Season: gut microbiota,Rabbit digestion and weather
25,Clinical characteristics and short-term outcomes for rabbits with signs of gastrointestinal tract dysfunction: 117 cases (2014-2016),"Oparil KM, Gladden JN, Babyak JM, et al.",Journal of the American Veterinary Medical Association,2019,31517584,10.2460/javma.255.7.837,,Pet rabbits (hospital),Rabbits,Gut stasis: outcomes,Rabbit digestion and weather
26,Prognostic value of rectal temperature at hospital admission in client-owned rabbits,"Di Girolamo N, Toth G, Selleri P",Journal of the American Veterinary Medical Association,2016,26799108,10.2460/javma.248.3.288,,Pet rabbits (hospital),Rabbits,Hypothermia and survival,Rabbit digestion and weather
27,Dietary fibres in the nutrition of the growing rabbit and recommendations to preserve digestive health: a review,Gidenne T,Animal,2015,25391534,10.1017/S1751731114002729,,Review (growing rabbits),Rabbits,Fibre requirements,Rabbit digestion and weather
28,"Inter-relationship of microbial activity, digestion and gut health in the rabbit: effect of substituting fibre by starch in diets having a high proportion of rapidly fermentable polysaccharides","Gidenne T, Jehl N, Lapanouse A, et al.",British Journal of Nutrition,2004,15230992,10.1079/BJN20041173,,Young rabbits (experimental),Rabbits,Fibre and starch,Rabbit digestion and weather
29,Food and water intake and selective feeding in rabbits on four feeding regimes,"Prebble JL, Meredith AL",Journal of Animal Physiology and Animal Nutrition,2014,24404980,10.1111/jpn.12163,,Dutch rabbits on pet diets,Rabbits,Diet type: muesli vs hay,Rabbit digestion and weather
30,"Effect of a starter diet supplementation with mannan-oligosaccharide or inulin on health status, caecal metabolism, digestibility of nutrients and growth of early weaned rabbits","Volek Z, Marounek M, Skřivanová V",Animal,2007,22444409,10.1017/S1751731107685012,,Weaned rabbits (farm),Rabbits,Prebiotics,Rabbit digestion and weather
31,Effects of probiotic Enterococcus faecium and Saccharomyces cerevisiae on the faecal microflora of pet rabbits,"Benato L, Hastie P, O'Shaughnessy P, et al.",Journal of Small Animal Practice,2014,24961954,10.1111/jsap.12242,,Pet rabbits,Rabbits,Probiotics: pet rabbits,Rabbit digestion and weather
32,Synbiotics are Better Than Probiotics and Prebiotics for Use as Nutrition in Growing Rabbits,"Alrajab K, Ghoorchi T, Toghdory A, et al.",Veterinary Medicine and Science,2026,42132366,10.1002/vms3.70977,PMC13173768,Weaned rabbits (farm),Rabbits,Live yeast and prebiotic,Rabbit digestion and weather
33,"Effects of probiotic supplement (Bacillus subtilis and Lactobacillus acidophilus) on feed efficiency, growth performance, and microbial population of weaning rabbits","Phuoc TL, Jamikorn U",Asian-Australasian Journal of Animal Sciences,2017,27165020,10.5713/ajas.15.0823,PMC5205607,Weaned rabbits (farm),Rabbits,Probiotics,Rabbit digestion and weather
34,Effects of Dietary Supplementation of Lactobacillus acidophilus on Blood Parameters and Gut Health of Rabbits,"Colombino E, Biasato I, Michetti A, et al.",Animals,2022,36552463,10.3390/ani12243543,PMC9774759,Growing rabbits (farm),Rabbits,Probiotics,Rabbit digestion and weather
35,Effect of rabbit gastrointestinal stasis (RGIS) on the fecal microbiota of pet rabbits (Oryctolagus cuniculus),"Rahic-Seggerman FM, Iske C, Graham J, et al.",PLoS One,2025,39999072,10.1371/journal.pone.0318810,PMC11856277,Pet rabbits,Rabbits,Gut stasis: microbiota,Rabbit digestion and weather
36,Verification of the Utility of the Standardized Melissa officinalis Extract to Control Gut Contractility in Sheep-Ex Vivo Study,"Posłuszny MA, Chłopecka-Słomińska M, Cherer SS, et al.",Animals,2025,40075909,10.3390/ani15050626,PMC11898118,Sheep gut tissue,Rabbits; Other,Herbs: lemon balm and gut motility,Rabbit digestion and weather
37,Evidence Supports Tradition: The in Vitro Effects of Roman Chamomile on Smooth Muscles,"Sándor Z, Mottaghipisheh J, Veres K, et al.",Frontiers in Pharmacology,2018,29681854,10.3389/fphar.2018.00323,PMC5897738,"Guinea pig, rat and human gut tissue",Rabbits; Other,Herbs: chamomile and gut motility,Rabbit digestion and weather
38,"The 4 prokinetic drugs metoclopramide, cisapride, pyridostigmine, and capromorelin do not increase fecal output or food intake in healthy New Zealand rabbits (Oryctolagus cuniculus)","Di Girolamo N, Maranville RE, Pathak D, et al.",Journal of the American Veterinary Medical Association,2025,40179972,10.2460/javma.25.01.0040,,Healthy laboratory rabbits,Rabbits,Gut stasis: prokinetic drugs,Rabbit digestion and weather
39,Morbidity and mortality of domestic rabbits (Oryctolagus cuniculus) under primary veterinary care in England,"O'Neill DG, Craven HC, Brodbelt DC, et al.",Veterinary Record,2020,31594841,10.1136/vr.105592,PMC7279133,Pet rabbits (primary-care records),Rabbits,Pet rabbit illness and deaths,Rabbit digestion and weather
40,"Diagnosis and clinical management of gastrointestinal conditions in exotic companion mammals (rabbits, guinea pigs, and chinchillas)",Ritzman TK,Veterinary Clinics of North America: Exotic Animal Practice,2014,24767740,10.1016/j.cvex.2014.01.003,,Review (rabbits and other small herbivores),Rabbits,Gut stasis: clinical management,Rabbit digestion and weather
